strategy,size,epochs,mse,accuracy,network
swap-2,4,85,0.024872876703739166,0.9565217391304348,Epoch_MLP-3-300_Batch-ALL
swap-3,4,67,0.008818676695227623,0.9565217391304348,Epoch_MLP-3-300_Batch-ALL
swap-4,4,93,0.02546636015176773,0.9565217391304348,Epoch_MLP-3-300_Batch-ALL
swap-n,4,87,0.017777318134903908,0.9565217391304348,Epoch_MLP-3-300_Batch-ALL
reverse-n,4,139,0.01549561694264412,0.9565217391304348,Epoch_MLP-3-300_Batch-ALL
reverse-4,4,102,0.023561323061585426,0.9565217391304348,Epoch_MLP-3-300_Batch-ALL
